utc	kind	arm	main_sha	triblespace_sha	cubecl_graph_sha	bin_sha256	n	reps_req	tok_s_med	ms_step_med	spread_pct	delta_pct	res_pct	verdict	env	config	notes	vs
2026-08-27T02:54:06Z	advance	frontier	79d3c24285ac	907d44dce6b2	1dd9dfec28dc	55d55aea65fd68c243347bcdf977ba71200bc5aaef52a5a65c033915b9f622e7	7	7	11.2850	88.6000	1.60	-	-	first	-	per-decode-step/2node/split21/ctx3732/GEN64/INK_KV=1/overlap/order-fixed/median-of-n-process-reps/features=inkling-cuda,cuda-backend,import	ungated-after
2026-08-27T03:22:26Z	advance	frontier	0c333b357cd8	907d44dce6b2	1dd9dfec28dc	317c341e24fe1b6310e796ef3b6460d9b39b91c8fa83d553ad20d9edb0ca6edc	7	7	11.3460	88.1000	1.17	+0.54	1.39	inside-resolution	-	per-decode-step/2node/split21/ctx3732/GEN64/INK_KV=1/overlap/order-fixed/median-of-n-process-reps/features=inkling-cuda,cuda-backend,import	ungated-after(util=0%,load=3.86,apps=none,likely-own-decay)
2026-08-27T05:56:29Z	advance	frontier	60b703bf809b	907d44dce6b2	1dd9dfec28dc	516ec3fe36bec9ba848ac1684ed0ca4f4addc883d10bd5a4186d30273f66bde4	7	7	11.2200	89.1000	1.84	-1.11	1.39	inside-resolution	-	per-decode-step/2node/split21/ctx3732/GEN64/INK_KV=1/overlap/order-fixed/median-of-n-process-reps/features=inkling-cuda,cuda-backend,import	ungated-after(util=0%,load=3.83,apps=none,likely-own-decay)
2026-08-27T07:29:11Z	advance	frontier	5f471ccaa6d6	907d44dce6b2	1dd9dfec28dc	438e970b868f42e2475f634d879450e940b7da08953f2915cf9e867e2dd5b793	7	7	11.1810	89.4000	2.00	-0.35	1.39	inside-resolution	-	per-decode-step/2node/split21/ctx3732/GEN64/INK_KV=1/overlap/order-fixed/median-of-n-process-reps/features=inkling-cuda,cuda-backend,import	ungated-after(util=0%,load=3.11,apps=none,likely-own-decay)
2026-08-27T11:04:40Z	advance	frontier	29a1784f3840	907d44dce6b2	1dd9dfec28dc	3297cffede487a712de358db89b256bfd16ec0b1cfd90a21b913937e9d271064	7	7	11.5660	86.5000	1.39	+3.44	1.39	better	-	per-decode-step/2node/split21/ctx3732/GEN64/INK_KV=1/overlap/order-fixed/median-of-n-process-reps/features=inkling-cuda,cuda-backend,import	ungated-after(util=0%,load=3.56,apps=none,likely-own-decay);rep-failures=7
2026-08-27T11:04:40Z	experimental	allon	29a1784f3840	907d44dce6b2	1dd9dfec28dc	3297cffede487a712de358db89b256bfd16ec0b1cfd90a21b913937e9d271064	7	7	11.4900	87.0000	2.02	-	-	first	INK_FLASH_FP4=1 INK_SINK_DOWN_FUSE=1 INK_W4A16_ROWMASK=1|INK_FLASH_FP4=1 INK_SINK_DOWN_FUSE=1 INK_W4A16_ROWMASK=1	per-decode-step/2node/split21/ctx3732/GEN64/INK_KV=1/overlap/order-fixed/median-of-n-process-reps/features=inkling-cuda,cuda-backend,import	ungated-after(util=0%,load=3.56,apps=none,likely-own-decay);rep-failures=7
2026-08-27T12:51:29Z	advance	frontier	5dd1061e818d	907d44dce6b2	1dd9dfec28dc	49381b9b3ae41ac5e3f7d6c80b208e0cbbf127f0024265bbd774c06dd6e00e32	7	7	11.5010	86.9000	0.70	-0.56	1.39	inside-resolution	-	per-decode-step/2node/split21/ctx3732/GEN64/INK_KV=1/overlap/order-fixed/median-of-n-process-reps/features=inkling-cuda,cuda-backend,import	ungated-after(util=0%,load=3.80,apps=none,likely-own-decay)	prev-row:frontier
2026-08-27T17:38:50Z	advance	frontier	c965613e2792	5e9d7f515eb0	1dd9dfec28dc	cd8fb5aac9c388d17da59936bf05779baad04ef02ab54b6be8dd468dcaad8d20	7	7	11.5610	86.5000	95.31	+0.52	1.39	inside-resolution	-	per-decode-step/2node/split21/ctx3732/GEN64/INK_KV=1/overlap/order-fixed/median-of-n-process-reps/features=inkling-cuda,cuda-backend,import	ungated-after(util=0%,load=3.92,apps=none,likely-own-decay)	prev-row:frontier
2026-08-27T19:08:17Z	advance	frontier	850e3fb78ee0	5e9d7f515eb0	1dd9dfec28dc	9600631a97b139b86cc8761fbdb02cecd408d29ace135216b9b6ab0d6b82d0cd	7	7	11.5410	86.6000	1.62	-0.17	1.39	inside-resolution	-	per-decode-step/2node/split21/ctx3732/GEN64/INK_KV=1/overlap/order-fixed/median-of-n-process-reps/features=inkling-cuda,cuda-backend,import	ungated-after(util=0%,load=3.66,apps=none,likely-own-decay)	prev-row:frontier
